{
    "id": 3,
    "title": "Duplicate elimination",
    "description": "Write a function remove_extras(lst) that takes in a list and returns a new list with all repeated occurrences of any element removed. For example, remove_extras([5, 2, 1, 2, 3]) returns the list [5, 2, 1, 3].",
    "additional_description": "Relative order of the elements should be preserved.",
    "signature": "def remove_extras(lst):\n\tpass",
    "tests": [
        {
            "input": "remove_extras([1, 1, 1, 2, 3])",
            "output": "[1, 2, 3]"
        },
        {
            "input": "remove_extras([1, 5, 1, 1, 3, 2])",
            "output": "[1, 5, 3, 2]"
        },
        {
            "input": "remove_extras([])",
            "output": "[]"
        },
        {
            "input": "remove_extras([3, 4, 5, 1, 3])",
            "output": "[3, 4, 5, 1]"
        },
        {
            "input": "remove_extras([3, 4, 5, 1, 3])",
            "output": "[3, 4, 5, 1]"
        },
        {
            "input": "remove_extras([3, 4, 5, 1, 3])",
            "output": "[3, 4, 5, 1]"
        }
    ]
}